verb,emotional
ахать,+
багроветь,+
балдеть,+
блаженствовать,+
бледнеть,+
блеять,+
бранить,+
бугриться,+
бушевать,+
вдалбливаться,+
вдыхать,+
верещать,+
веселеть,+
веселить,+
веселиться,+
вжиматься,+
взбелениться,+
взбесить,+
взбеситься,+
взбунтоваться,+
взвизгивать,+
взвинчивать,+
взволновать,+
взгрустнуться,+
вздрагивать,+
вздыхать,+
визжать,+
возбуждаться,+
воззриться,+
возлежать,+
возмущать,+
возмущаться,+
возноситься,+
волновать,+
вонзаться,+
вопить,+
восклицать,+
воспарять,+
воспламеняться,+
восхвалять,+
восхищать,+
восхищаться,+
впечатлевать,+
впечатлить,+
впечатлять,+
впиваться,+
врываться,+
вскакивать,+
вскарабкиваться,+
вскидывать,+
вскипать,+
вскрикивать,+
вскружить,+
вспотеть,+
вспыхивать,+
всхлипывать,+
вцепляться,+
вывертываться,+
выворачивать,+
выгибать,+
выгибаться,+
выматываться,+
выпаливать,+
выпарывать,+
выплакиваться,+
вырывать,+
вырываться,+
высвобождаться,+
выскальзывать,+
выскочить,+
вытерпеть,+
выть,+
выхватывать,+
вышагивать,+
вышвыривать,+
вышибать,+
газовать,+
гнать,+
гнаться,+
двинуть,+
демонизировать,+
дергать,+
дергаться,+
деревенеть,+
доминировать,+
домогаться,+
доставать,+
дразниться,+
драматизировать,+
дрогнуть,+
дрожать,+
дуться,+
ежиться,+
ехидничать,+
жалеть,+
жалить,+
желать,+
желтеть,+
жертвовать,+
забеспокоиться,+
загипнотизировать,+
заглушать,+
загорать,+
загораться,+
задыхаться,+
зажигаться,+
зажмуривать,+
зажмуриваться,+
заигрывать,+
заикаться,+
закалять,+
закатить,+
закатывать,+
закипать,+
закричать,+
заламывать,+
заматывать,+
замирать,+
замолкать,+
замучивать,+
занервничать,+
заныть,+
запаниковать,+
запинаться,+
заплакать,+
заплетаться,+
запутываться,+
запыхаться,+
зарыдать,+
застонать,+
застыть,+
затаскать,+
затаскивать,+
затравливать,+
затуманивать,+
затуманиваться,+
затыкать,+
затыкаться,+
захватить,+
захватывать,+
захлебываться,+
захлестнуть,+
захлестывать,+
захлопывать,+
захлопываться,+
заходиться,+
зацеплять,+
зацепляться,+
зачеркнуть,+
зашкаливать,+
зиять,+
злить,+
злиться,+
злорадствовать,+
извергаться,+
извертываться,+
извиваться,+
изгибаться,+
изголодаться,+
издеваться,+
изливаться,+
излучать,+
измазываться,+
изматывать,+
измучивать,+
изнасиловать,+
изнемогать,+
изнурять,+
изнывать,+
изранить,+
изувечивать,+
изумлять,+
изумляться,+
изуродовать,+
искриться,+
испепелять,+
испоганивать,+
испугаться,+
истекать,+
истерзать,+
исторгать,+
источать,+
каменеть,+
капризничать,+
кидаться,+
кинуться,+
кипеть,+
кипятиться,+
колотить,+
колотиться,+
колыхаться,+
колыхнуться,+
кончать,+
коробить,+
корчиться,+
кричать,+
кружить,+
кружиться,+
лапать,+
ласкать,+
ликовать,+
манить,+
млеть,+
молиться,+
морочить,+
морщить,+
морщиться,+
мрачнеть,+
мурлыкать,+
мутнеть,+
мычать,+
мямлить,+
мяться,+
набрасываться,+
наброситься,+
наваливаться,+
надумывать,+
накричать,+
накручивать,+
накручиваться,+
напевать,+
наслаждаться,+
насупливать,+
насупливаться,+
нахмуриваться,+
негодовать,+
нежничать,+
неистовствовать,+
ненавидеть,+
нервировать,+
нервничать,+
неумолкать,+
никнуть,+
носиться,+
обалдевать,+
обезуметь,+
обескураживать,+
обессилевать,+
обессиливать,+
обладать,+
обмирать,+
обмякать,+
обожать,+
обрушиваться,+
обуздывать,+
обуревать,+
обхватить,+
обхватывать,+
оглушать,+
оголять,+
оголяться,+
огрызаться,+
ожесточаться,+
оживляться,+
озарять,+
озаряться,+
окаменевать,+
омрачать,+
омрачаться,+
опечаливать,+
опечалиться,+
опоминаться,+
осенять,+
остолбенеть,+
осточертеть,+
отвергать,+
отвращать,+
отплевываться,+
отстранять,+
оттаивать,+
оттаскивать,+
оттрахать,+
отчаиваться,+
отшатываться,+
отшвыривать,+
отшлепывать,+
отъебаться,+
офигеть,+
охать,+
охладевать,+
охлаждаться,+
охнуть,+
охрипнуть,+
оцепенеть,+
ошалевать,+
ошарашивать,+
ошеломлять,+
ощетиниваться,+
паниковать,+
парализовать,+
парировать,+
пенять,+
пережевывать,+
переминаться,+
переполнять,+
перерождаться,+
пересиливать,+
переспать,+
перечить,+
пищать,+
плакать,+
плакаться,+
побледнеть,+
поволноваться,+
подхватывать,+
подчинять,+
подчиняться,+
пожалеть,+
позлиться,+
покоряться,+
покраснеть,+
полыхнуть,+
помертветь,+
поморщиться,+
помрачнеть,+
поплакать,+
порадоваться,+
поражаться,+
порозоветь,+
порываться,+
поскуливать,+
постанывать,+
постукивать,+
потащить,+
потускнеть,+
потянуться,+
почувствовать,+
пошатываться,+
пререкаться,+
прильнуть,+
приникать,+
припадать,+
пританцовывать,+
притихать,+
причмокивать,+
пробуждаться,+
проникаться,+
простонать,+
пульсировать,+
пылать,+
пыхтеть,+
радоваться,+
разбухать,+
разгораться,+
раздосадовать,+
раззадоривать,+
разметаться,+
разнеживать,+
разогреваться,+
разозлиться,+
разоткровенничаться,+
разочаровываться,+
разражаться,+
разразить,+
разреветься,+
разрумяниваться,+
разрушать,+
разрывать,+
разрываться,+
разрыдаться,+
разъярять,+
раскалываться,+
раскаляться,+
раскраснеться,+
распаляться,+
распахивать,+
распахиваться,+
расплавляться,+
расплакаться,+
распрощаться,+
рассвирепеть,+
растерзывать,+
расхаживать,+
расхрабриться,+
расцветать,+
расчувствоваться,+
рехнуться,+
робеть,+
розоветь,+
рухнуть,+
свихиваться,+
сгорать,+
сжалиться,+
сжиматься,+
скрежетать,+
скривиться,+
смеяться,+
смущать,+
смущаться,+
смягчаться,+
соблазняться,+
содрогаться,+
сожалеть,+
сорвать,+
срываться,+
стерпеть,+
стихать,+
стонать,+
страшиться,+
съеживаться,+
таращиться,+
терзаться,+
терпеть,+
тискать,+
томиться,+
торжествовать,+
трепетать,+
трястись,+
убаюкивать,+
увертываться,+
удручать,+
улюлюкать,+
умаляться,+
умиротворять,+
успокаивать,+
успокаиваться,+
уязвлять,+
хлестать,+
хлестнуть,+
чувствовать,+
чувствоваться,+
язвить,+
адаптироваться,-
адресовать,-
айпадать,-
акклиматизироваться,-
активировать,-
анализировать,-
аплодировать,-
арендовать,-
атаковать,-
афишировать,-
баклать,-
балансировать,-
баловать,-
баловаться,-
барабанить,-
барахтаться,-
бдеть,-
бегать,-
бежать,-
белеть,-
бередить,-
беречь,-
беречься,-
беседовать,-
бесить,-
беспокоить,-
беспокоиться,-
бить,-
биться,-
благоговеть,-
благодарить,-
блекнуть,-
блестеть,-
блефовать,-
близиться,-
блокировать,-
блуждать,-
боготворить,-
бодрить,-
болеть,-
болтать,-
болтаться,-
бормотать,-
бороться,-
бояться,-
браниться,-
брать,-
браться,-
брезговать,-
брезжить,-
брести,-
брить,-
бриться,-
бродить,-
бросаться,-
брызгать,-
брызнуть,-
брякнуть,-
бубнить,-
будить,-
буксировать,-
бунтовать,-
буравить,-
буркать,-
буркнуть,-
бурлить,-
бурчать,-
бухать,-
бывать,-
быть,-
валиться,-
валять,-
валяться,-
варить,-
вбегать,-
вбивать,-
вбиваться,-
вваливаться,-
ввинчивать,-
ввинчиваться,-
ввязываться,-
вглядываться,-
вдаваться,-
вдавливать,-
вдавливаться,-
вдохновлять,-
вдохновляться,-
ведать,-
велеть,-
верить,-
вериться,-
вернуть,-
вернуться,-
вертеть,-
вертеться,-
верховодить,-
весить,-
вести,-
вестись,-
вечереть,-
вешать,-
веять,-
вжикать,-
взбегать,-
взбивать,-
взбираться,-
взбредать,-
взваливать,-
взглядывать,-
вздремнуть,-
вздумать,-
вздуматься,-
взирать,-
взламывать,-
взлетать,-
взлохмачивать,-
взмаливаться,-
взмахивать,-
взмокать,-
взмывать,-
взрослеть,-
взрываться,-
взъерошивать,-
взывать,-
взять,-
взяться,-
вибрировать,-
видать,-
видеть,-
видеться,-
виднеться,-
вилять,-
винить,-
висеть,-
виснуть,-
витать,-
виться,-
вкладывать,-
вклиниваться,-
включать,-
включаться,-
вколачиваться,-
вкопать,-
владеть,-
влажнеть,-
вламываться,-
влезать,-
влеплять,-
влетать,-
влечь,-
вливаться,-
влипать,-
влиять,-
влюблять,-
влюбляться,-
вмешиваться,-
вмонтировать,-
внедрять,-
вникать,-
внимать,-
вноситься,-
внушать,-
водить,-
водиться,-
воевать,-
возвращать,-
возвращаться,-
возвышаться,-
возглавлять,-
возгораться,-
воздействовать,-
воздерживаться,-
возить,-
возиться,-
возлагать,-
вознамериваться,-
возникать,-
возобновлять,-
возобновляться,-
возражать,-
возрастать,-
волноваться,-
воодушевлять,-
вооружать,-
воплощать,-
ворваться,-
ворковать,-
ворочать,-
ворочаться,-
ворчать,-
воскресать,-
воспалять,-
воспламенять,-
воспользоваться,-
восседать,-
восставать,-
восстанавливать,-
восстанавливаться,-
воцаряться,-
впадать,-
вписывать,-
вписываться,-
впитывать,-
впихивать,-
вплетаться,-
вплывать,-
впутывать,-
вращать,-
вращаться,-
врезать,-
врезаться,-
вручать,-
всасывать,-
вселяться,-
всклокочивать,-
вслушиваться,-
всматриваться,-
всовывать,-
всплывать,-
вспоминать,-
вспоминаться,-
вспомнить,-
вспомниться,-
вставать,-
вставлять,-
вставляться,-
встраивать,-
встраиваться,-
встревожить,-
встревожиться,-
встречать,-
встречаться,-
встряхивать,-
встряхиваться,-
вступать,-
вталкивать,-
втаскивать,-
втискивать,-
втискиваться,-
вторгаться,-
вторить,-
втрескаться,-
втыкать,-
втыкаться,-
втягивать,-
втягиваться,-
входить,-
вчитываться,-
въезжать,-
выбалтывать,-
выбегать,-
выбивать,-
выбиваться,-
выбираться,-
выбривать,-
выведывать,-
вывести,-
выглядеть,-
выглядывать,-
выговаривать,-
выгорать,-
выгравировать,-
выгребать,-
выгружаться,-
выдавать,-
выдаваться,-
выдавливать,-
выдвигать,-
выдвигаться,-
выделывать,-
выделять,-
выдерживать,-
выдумывать,-
выдыхать,-
выезжать,-
выжидать,-
выжимать,-
выздоравливать,-
вызывать,-
вызываться,-
выигрывать,-
выкалывать,-
выкатываться,-
выкачивать,-
выкидывать,-
выкладывать,-
выключать,-
выключаться,-
выкрасить,-
выкрикивать,-
выкручивать,-
выкупать,-
вылезать,-
вылепливать,-
вылеплять,-
вылетать,-
вылечиваться,-
выливать,-
выливаться,-
вымаливать,-
выматывать,-
вымолвить,-
вымуштровать,-
вынести,-
вынимать,-
выносить,-
выныривать,-
выпадать,-
выпевать,-
выпивать,-
выписывать,-
выплачивать,-
выплескиваться,-
выплюнуть,-
выползать,-
выполнять,-
выпрыгивать,-
выпрямлять,-
выпрямляться,-
выпутывать,-
выпутываться,-
выпытывать,-
выпячивать,-
выравнивать,-
выравниваться,-
выражаться,-
вырастать,-
вырубать,-
вырубаться,-
выруливать,-
выручать,-
высасывать,-
высказываться,-
выскакивать,-
выслушивать,-
высматривать,-
высовывать,-
выставлять,-
выставляться,-
выстирывать,-
выстраивать,-
выстраиваться,-
выстреливать,-
выступать,-
высушивать,-
высчитывать,-
высыпаться,-
высыхать,-
выталкивать,-
вытаращивать,-
вытаскивать,-
вытворять,-
вытеснять,-
вытесняться,-
вытираться,-
вытряхивать,-
вытягивать,-
вытягиваться,-
выучивать,-
выходить,-
вычеркнуть,-
вычислять,-
вычитывать,-
выщипывать,-
выяснять,-
выясняться,-
вязаться,-
вянуть,-
гавкать,-
гадать,-
газировать,-
гарантировать,-
гармонировать,-
гаснуть,-
гиперболизировать,-
гипнотизировать,-
гладить,-
глазеть,-
гласить,-
глодать,-
глотать,-
глотнуть,-
глохнуть,-
глупить,-
глушить,-
глядеть,-
глядеться,-
гнести,-
говорить,-
говориться,-
годиться,-
голодать,-
голосовать,-
гоняться,-
гордиться,-
горевать,-
гореть,-
гостить,-
готовить,-
готовиться,-
граничить,-
греметь,-
греть,-
грозить,-
грозиться,-
громоздиться,-
грохотать,-
грузить,-
грызть,-
гудеть,-
гулять,-
густеть,-
давать,-
даваться,-
давить,-
давиться,-
дарить,-
датировать,-
двигать,-
двигаться,-
двинуться,-
двоиться,-
деваться,-
дежурить,-
действовать,-
делать,-
делаться,-
делить,-
делиться,-
демонстрировать,-
держать,-
держаться,-
дерзить,-
дернуть,-
дефилировать,-
диагностировать,-
дивиться,-
диктовать,-
динамить,-
дистанцироваться,-
длить,-
длиться,-
добавлять,-
добавляться,-
добегать,-
добивать,-
добиваться,-
добираться,-
добреть,-
довезти,-
доверять,-
доверяться,-
доводить,-
доводиться,-
догадываться,-
догнать,-
договаривать,-
договариваться,-
догонять,-
доделывать,-
додумываться,-
доезжать,-
дождаться,-
доживать,-
дожидаться,-
дозваниваться,-
дозваться,-
дозволять,-
дозволяться,-
доигрывать,-
доигрываться,-
доканчивать,-
докатиться,-
докладывать,-
документироваться,-
докучать,-
долетать,-
доноситься,-
допевать,-
допивать,-
дописывать,-
дополнять,-
допытываться,-
дорожить,-
досадовать,-
досматривать,-
доставаться,-
доставлять,-
дотрагиваться,-
дотягивать,-
дотягиваться,-
доходить,-
дразнить,-
драпировать,-
драться,-
дремать,-
дрыхнуть,-
думать,-
дурачить,-
дурачиться,-
дурманить,-
дуть,-
душить,-
дымиться,-
дышать,-
ездить,-
екать,-
елозить,-
ерзать,-
ерошить,-
есть,-
ехать,-
жаждать,-
жаловаться,-
жарить,-
жариться,-
жать,-
ждать,-
жевать,-
жеманничать,-
женить,-
жениться,-
жестикулировать,-
жечь,-
жить,-
жмуриться,-
жужжать,-
журить,-
журчать,-
забавлять,-
забавляться,-
забалтываться,-
забарахлить,-
забегать,-
забеременеть,-
забивать,-
забиваться,-
забираться,-
заблагорассудиться,-
заблуждаться,-
заболевать,-
заболеть,-
заботить,-
заботиться,-
забредать,-
забронировать,-
забросить,-
забрызгать,-
забываться,-
заваливать,-
заваливаться,-
заваривать,-
завертывать,-
завертываться,-
завершать,-
завершаться,-
заверять,-
завивать,-
завидовать,-
зависать,-
зависеть,-
завладевать,-
заводиться,-
завоевывать,-
заволакиваться,-
завораживать,-
заворачивать,-
заворачиваться,-
завтракать,-
завязнуть,-
завязываться,-
завянуть,-
загадывать,-
загибать,-
загипсовать,-
заглатывать,-
заглохнуть,-
заглядывать,-
загнать,-
заговаривать,-
загораживаться,-
заграбастывать,-
загружаться,-
загрустить,-
задавать,-
задаваться,-
задвигать,-
задвигаться,-
задевать,-
задергивать,-
задерживать,-
задерживаться,-
задернуть,-
задеть,-
задираться,-
задраивать,-
задрапировываться,-
задремать,-
задувать,-
задумывать,-
задумываться,-
заезжать,-
заерзать,-
зажевывать,-
заживать,-
зажимать,-
зажить,-
зазвонить,-
заиграть,-
заинтересовываться,-
заискивать,-
зайти,-
заканчивать,-
заканчиваться,-
закашливаться,-
закидывать,-
закинуть,-
закладывать,-
заключать,-
заключаться,-
заколотиться,-
закольцовывать,-
закрадываться,-
закреплять,-
закругляться,-
закручивать,-
закручиваться,-
закрываться,-
закутывать,-
закутываться,-
заладить,-
залегать,-
залезать,-
залетать,-
заливать,-
заливаться,-
залюбоваться,-
заманивать,-
замедлять,-
замедляться,-
заменять,-
замерзать,-
замечать,-
замешать,-
замигать,-
замолчать,-
заморочить,-
замыкать,-
замыкаться,-
занести,-
заниматься,-
заносить,-
заночевать,-
заорать,-
западать,-
запаздывать,-
запахиваться,-
запачкать,-
запечатлевать,-
запивать,-
запираться,-
записывать,-
записываться,-
запихивать,-
запланировать,-
заплатить,-
заползать,-
заполнять,-
заполняться,-
заполонять,-
заполучать,-
запоминать,-
запоминаться,-
заправлять,-
запрещать,-
запрещаться,-
запрограммировать,-
запрокидывать,-
запрокидываться,-
запрыгать,-
запугивать,-
запутывать,-
запятнать,-
зарабатывать,-
заражаться,-
зарастать,-
зардеться,-
зарегистрировать,-
зарубать,-
зарываться,-
зарыться,-
заряжаться,-
засиживаться,-
заслониться,-
заслонять,-
заслуживать,-
заслушиваться,-
засмеяться,-
заснуть,-
засовывать,-
заставать,-
заставлять,-
застегивать,-
застегиваться,-
застегнуть,-
застеклять,-
застесняться,-
застирывать,-
застраивать,-
застревать,-
застреливать,-
застреливаться,-
заступаться,-
застывать,-
затаивать,-
заталкивать,-
затащить,-
затвердевать,-
затевать,-
затекать,-
затемнять,-
затериваться,-
затихать,-
заткнуть,-
затонуть,-
затоплять,-
заточать,-
затрагивать,-
затрачивать,-
затягивать,-
затягиваться,-
заулыбаться,-
заучивать,-
захихикать,-
захмелеть,-
заходить,-
захотеть,-
захотеться,-
зацементировать,-
зацикливаться,-
зациклить,-
зачерпывать,-
зачесывать,-
зашевелиться,-
зашторивать,-
защелкивать,-
защищать,-
защищаться,-
заявлять,-
заявляться,-
звать,-
зваться,-
звенеть,-
звонить,-
звучать,-
звякать,-
здороваться,-
здравствовать,-
зевать,-
зиждиться,-
злоупотреблять,-
знакомить,-
знакомиться,-
знать,-
знаться,-
значить,-
значиться,-
знобить,-
зреть,-
зудеть,-
зыркать,-
игнорировать,-
играть,-
идти,-
избавлять,-
избавляться,-
избегать,-
избивать,-
извинять,-
извиняться,-
извращать,-
изгибать,-
изготовлять,-
издавать,-
излагать,-
излечиваться,-
изменить,-
изменять,-
изменяться,-
изолировать,-
изучать,-
изъясняться,-
иллюстрировать,-
именовать,-
именоваться,-
иметь,-
иметься,-
импровизировать,-
инвестировать,-
инструктировать,-
интервьюировать,-
интересовать,-
интересоваться,-
интриговать,-
информировать,-
иронизировать,-
искажаться,-
искалечивать,-
искать,-
исключать,-
исковеркивать,-
искупать,-
искупаться,-
испаряться,-
испачкать,-
испечь,-
исповедоваться,-
исполнять,-
исполняться,-
использовать,-
использоваться,-
испортить,-
испортиться,-
исправлять,-
исправляться,-
испробовать,-
испугать,-
испытывать,-
исследовать,-
истыкивать,-
исхитряться,-
исходить,-
исцелять,-
исчезать,-
исчерпывать,-
казаться,-
кандировать,-
кануть,-
капать,-
карать,-
каркать,-
касаться,-
кастрировать,-
катать,-
кататься,-
катить,-
катиться,-
качать,-
качаться,-
качнуться,-
кашлять,-
каяться,-
кивать,-
кивнуть,-
кидать,-
кишеть,-
кланяться,-
классифицироваться,-
класть,-
клацать,-
клевать,-
кликать,-
клокотать,-
клонить,-
клониться,-
клюнуть,-
клясть,-
клясться,-
ковылять,-
ковырять,-
кокетничать,-
колебаться,-
колоть,-
колоться,-
командовать,-
комкать,-
комментировать,-
кондиционировать,-
консервировать,-
констатировать,-
контактировать,-
контролировать,-
конфликтовать,-
концентрировать,-
концентрироваться,-
кончаться,-
копать,-
копаться,-
копировать,-
кормить,-
корчить,-
косить,-
коситься,-
котироваться,-
красить,-
краситься,-
краснеть,-
крениться,-
крепиться,-
крепнуть,-
кривить,-
кривиться,-
крикнуть,-
критиковать,-
крутить,-
крутиться,-
крыться,-
крякать,-
кряхтеть,-
ксерить,-
культивировать,-
купать,-
купаться,-
купить,-
курить,-
курчавиться,-
кусать,-
кушать,-
кэссидеть,-
лавировать,-
ладить,-
ладиться,-
лакомиться,-
лгать,-
леденеть,-
леденить,-
лежать,-
лезть,-
лелеять,-
лениться,-
лепетать,-
летать,-
лететь,-
лечить,-
лизать,-
ликвидировать,-
липнуть,-
листать,-
лить,-
литься,-
лишать,-
лишаться,-
ловить,-
ловиться,-
ложиться,-
ломать,-
ломаться,-
ломить,-
лопать,-
лопаться,-
лопнуть,-
лукавить,-
лучиться,-
лысеть,-
льнуть,-
льстить,-
любить,-
любоваться,-
лязгать,-
ляпнуть,-
мазать,-
макать,-
маневрировать,-
манипулировать,-
маршировать,-
маскировать,-
массировать,-
мастерить,-
материализоваться,-
махать,-
махнуть,-
маячить,-
мегаламывать,-
медлить,-
мелькать,-
мелькнуть,-
менять,-
меняться,-
мерещиться,-
мерзнуть,-
меркнуть,-
мерцать,-
мерять,-
метать,-
метаться,-
мечтать,-
мешать,-
мешкать,-
мигать,-
минимизировать,-
миновать,-
минуть,-
молить,-
молчать,-
мониторить,-
мониториться,-
монополизировать,-
монтесать,-
моргать,-
моргнуть,-
морить,-
мотать,-
мочь,-
музицировать,-
мусолить,-
мутить,-
мучить,-
мучиться,-
мчаться,-
мыслить,-
мыть,-
мыться,-
мять,-
мяукать,-
набегать,-
набивать,-
набираться,-
наблюдать,-
наболтать,-
набрасывать,-
набухать,-
навевать,-
наведываться,-
наверстывать,-
навертываться,-
нависать,-
наворачиваться,-
навредить,-
нагибать,-
нагибаться,-
наглотаться,-
наговаривать,-
наготавливать,-
надавливать,-
надвигать,-
надвигаться,-
надевать,-
наделать,-
наделять,-
надеяться,-
надоедать,-
надувать,-
надуваться,-
наедаться,-
нажаловаться,-
нажимать,-
назначать,-
назревать,-
называть,-
называться,-
наиграться,-
наигрывать,-
накапливаться,-
накатать,-
накатывать,-
накачивать,-
накидывать,-
накидываться,-
накинуть,-
накладывать,-
накликать,-
наклонять,-
наклоняться,-
накормить,-
накосячить,-
накрасить,-
накрахмаливать,-
накрываться,-
накупать,-
налаживаться,-
налетать,-
наливать,-
наливаться,-
налюбоваться,-
намасливать,-
наматывать,-
намачивать,-
намекать,-
намереваться,-
намеривать,-
намечать,-
намокать,-
намыливать,-
нападать,-
нападывать,-
напарываться,-
напечатать,-
напиваться,-
написать,-
наплевать,-
наплывать,-
напоить,-
наполнять,-
наполняться,-
напоминать,-
напортачить,-
направлять,-
направляться,-
напрашиваться,-
напридумывать,-
напрягаться,-
напугать,-
напутствовать,-
нарастать,-
нарезать,-
нарисовать,-
нарушать,-
нарушаться,-
нарываться,-
нарыть,-
наряжаться,-
насаживаться,-
насмехаться,-
насмешить,-
насмотреться,-
наставать,-
наставлять,-
настаивать,-
настораживать,-
настораживаться,-
настраивать,-
наступать,-
насыщаться,-
наталкиваться,-
натворить,-
натренироваться,-
натыкаться,-
натягивать,-
натягиваться,-
научать,-
научаться,-
нахлынуть,-
нахмуривать,-
находиться,-
нацарапывать,-
нацеливать,-
нацеливаться,-
начинать,-
начинаться,-
начитать,-
нашаривать,-
нашкодить,-
нащелкать,-
нащупывать,-
невзлюбить,-
недоговаривать,-
недоедать,-
недооценивать,-
недопивать,-
недоставать,-
недоумевать,-
нежить,-
нежиться,-
незаправлять,-
незащищать,-
нейти,-
неметь,-
неприсматривать,-
нести,-
нестись,-
носить,-
ночевать,-
нравиться,-
нудить,-
нуждаться,-
нырнуть,-
нырять,-
ныть,-
нюхать,-
обанкрочить,-
обвевать,-
обвести,-
обветриваться,-
обвиваться,-
обвинять,-
обводить,-
обговаривать,-
обдавать,-
обделять,-
обдувать,-
обдумывать,-
обегать,-
обедать,-
обежать,-
обездоливать,-
обезопасить,-
обезоруживать,-
обертывать,-
обертываться,-
обеспечивать,-
обеспокоить,-
обещать,-
обжигаться,-
обзаводиться,-
обзывать,-
обижаться,-
обкладывать,-
облажаться,-
облачать,-
облачаться,-
облегчать,-
обливаться,-
обличать,-
облокачиваться,-
обмакивать,-
обманывать,-
обматывать,-
обмахивать,-
обмахиваться,-
обмениваться,-
обменяться,-
обмолвиться,-
обнадеживать,-
обнажать,-
обналичивать,-
обнаруживать,-
обнимать,-
обниматься,-
обновлять,-
ободрять,-
обозлить,-
обозначать,-
оборачивать,-
оборачиваться,-
оборвать,-
оборваться,-
оборудовать,-
обосновываться,-
обостряться,-
обрабатывать,-
обрадовать,-
обрадоваться,-
образовываться,-
образумливаться,-
обрамлять,-
обращать,-
обращаться,-
обрезать,-
обручаться,-
обрушивать,-
обрывать,-
обрываться,-
обрюхатить,-
обсасывать,-
обследовать,-
обслуживать,-
обставлять,-
обстоять,-
обсуждаться,-
обсушивать,-
обсчитывать,-
обтягивать,-
обувать,-
обуваться,-
обустраиваться,-
обучать,-
обходить,-
обходиться,-
обшаривать,-
общаться,-
объедаться,-
объединяться,-
объезжать,-
объехать,-
объявлять,-
объяснять,-
объясняться,-
обыгрывать,-
обыскаться,-
обязываться,-
овевать,-
овладевать,-
овулировать,-
огибать,-
оглохнуть,-
оглядываться,-
оглянуться,-
оговаривать,-
огорчать,-
ограничивать,-
ограничиваться,-
одалживать,-
одаривать,-
одарять,-
одевать,-
одеваться,-
одергивать,-
одерживать,-
одобрять,-
одолевать,-
одомашнивать,-
одурманивать,-
оживать,-
оживлять,-
ожидать,-
ожидаться,-
озабочивать,-
озадачивать,-
озираться,-
ознакомлять,-
ознакомляться,-
означать,-
оказываться,-
оканчивать,-
окидывать,-
окликать,-
окрепнуть,-
округлять,-
округляться,-
окружать,-
окрылять,-
окунать,-
окунаться,-
окутывать,-
онемевать,-
опаздывать,-
опалять,-
опасаться,-
опекать,-
опираться,-
описывать,-
оплачивать,-
опознавать,-
опозорить,-
оправдывать,-
оправдываться,-
оправляться,-
определять,-
определяться,-
опробовать,-
опрокидывать,-
опускаться,-
опустеть,-
опустошать,-
опухать,-
опушаться,-
опьянеть,-
опьянять,-
орать,-
ориентировать,-
ориентироваться,-
орудовать,-
осваивать,-
осваиваться,-
осведомляться,-
освежать,-
освещать,-
освещаться,-
освобождаться,-
оседать,-
оседлывать,-
осекаться,-
осиливать,-
оскорблять,-
ослабевать,-
ослаблять,-
ослабнуть,-
ослеплять,-
ослушиваться,-
ослышаться,-
осматривать,-
осматриваться,-
осмелеть,-
осмеливаться,-
осмысливать,-
основываться,-
осознавать,-
оставаться,-
оставлять,-
останавливать,-
останавливаться,-
остерегаться,-
остывать,-
остынуть,-
остыть,-
осунуться,-
осушать,-
осуществлять,-
осуществляться,-
осыпать,-
осязать,-
отбивать,-
отбиваться,-
отблагодарить,-
отваживаться,-
отваливать,-
отваливаться,-
отваривать,-
отведывать,-
отвертываться,-
отвечать,-
отвисать,-
отвлекаться,-
отворачиваться,-
отвязываться,-
отгонять,-
отгораживаться,-
отдавать,-
отдаваться,-
отдалять,-
отдаляться,-
отделывать,-
отделываться,-
отделять,-
отдергивать,-
отдуваться,-
отдыхать,-
отдышаться,-
отзываться,-
отказывать,-
отказываться,-
откатываться,-
откашливаться,-
откидывать,-
откидываться,-
откинуть,-
откладывать,-
откладываться,-
откликаться,-
отклонять,-
отклоняться,-
отключать,-
отключаться,-
откручивать,-
открываться,-
откупоривать,-
отлетать,-
отлипать,-
отличать,-
отличаться,-
отлучаться,-
отмахиваться,-
отменять,-
отменяться,-
отмеривать,-
отметать,-
отмечать,-
отнимать,-
отниматься,-
относить,-
относиться,-
отогнать,-
отодвигать,-
отодвигаться,-
отоспаться,-
отпадать,-
отпечатываться,-
отпивать,-
отпихивать,-
отплывать,-
отправлять,-
отправляться,-
отпраздновать,-
отпрыгивать,-
отпрядывать,-
отрабатывать,-
отравлять,-
отражаться,-
отрастать,-
отреагировать,-
отредактировать,-
отрезать,-
отрезвлять,-
отрицать,-
отругать,-
отрывать,-
отрываться,-
отсалютовать,-
отсиживаться,-
отскакивать,-
отскочить,-
отсоединять,-
отсоединяться,-
отставать,-
отставлять,-
отстегивать,-
отстраняться,-
отступать,-
отсутствовать,-
отсыпаться,-
отталкивать,-
отталкиваться,-
оттенять,-
оттеснять,-
оттягивать,-
оттяпывать,-
отфутболивать,-
отхлебывать,-
отхлынуть,-
отходить,-
отчаливать,-
отчитывать,-
отчитываться,-
отчудить,-
отъезжать,-
отыгрываться,-
охватывать,-
охотиться,-
охранять,-
оценивать,-
очерчивать,-
очищаться,-
очнуться,-
очутиться,-
ошибаться,-
ошиваться,-
ощупывать,-
ощущать,-
ощущаться,-
падать,-
паковать,-
парить,-
париться,-
парковать,-
парковаться,-
пасть,-
пахать,-
пахнуть,-
пениться,-
перебарывать,-
перебивать,-
перебираться,-
перебрасываться,-
переваривать,-
перевертываться,-
перевести,-
переволноваться,-
переворачивать,-
перегибать,-
перегибаться,-
переглядываться,-
переговаривать,-
переговариваться,-
перегревать,-
перегреваться,-
передавать,-
передаваться,-
передвигать,-
передвигаться,-
переделывать,-
передергивать,-
передергиваться,-
передразнивать,-
передумывать,-
передыхать,-
переживать,-
перезванивать,-
перезваниваться,-
перекатывать,-
перекатываться,-
перекидывать,-
перекликаться,-
переключаться,-
перекручивать,-
перекусить,-
перекусывать,-
перелетать,-
перелистывать,-
перемениться,-
переменять,-
перемешать,-
перемешиваться,-
перемещаться,-
перемигиваться,-
перемолвиться,-
перенести,-
переносить,-
переноситься,-
переночевать,-
переобуваться,-
переодеваться,-
переосмыслять,-
переоценивать,-
переписывать,-
переплетаться,-
переполняться,-
переправлять,-
перепробовать,-
перепрыгивать,-
перепугать,-
перепугаться,-
перерасти,-
пересаживаться,-
переселяться,-
перескакивать,-
пересматривать,-
переспоривать,-
переставать,-
перестараться,-
перестраивать,-
перестраховываться,-
пересчитывать,-
пересыхать,-
перетерпеть,-
переть,-
перетягивать,-
перехватывать,-
перехитрить,-
переходить,-
перецеловать,-
перечеркивать,-
перечислять,-
перешагивать,-
петь,-
печатать,-
печь,-
пикировать,-
пикироваться,-
пинать,-
писать,-
пискнуть,-
питать,-
питаться,-
пить,-
питься,-
плавать,-
плавиться,-
планировать,-
платить,-
плевать,-
плеваться,-
пленять,-
плескать,-
плескаться,-
плеснуть,-
плестись,-
плутать,-
плыть,-
плюнуть,-
плюхаться,-
плюхнуться,-
плясать,-
пнуть,-
побаиваться,-
побаливать,-
побаловать,-
побежать,-
побелеть,-
поберечь,-
побеседовать,-
побивать,-
поблагодарить,-
поблескивать,-
поболтать,-
побороться,-
побрать,-
побрить,-
побриться,-
побродить,-
побывать,-
побыть,-
поваляться,-
повариваться,-
поведывать,-
повезти,-
поверить,-
повертывать,-
повертываться,-
повеселеть,-
повеселить,-
повеселиться,-
повесить,-
повестись,-
повзрослеть,-
повидать,-
повидаться,-
повиноваться,-
повисать,-
повлиять,-
поводить,-
повоевать,-
повозиться,-
повстречаться,-
повторять,-
повторяться,-
повышаться,-
погасать,-
погасить,-
погибать,-
погладить,-
поглаживать,-
поглощать,-
поглядеть,-
поглядывать,-
погнаться,-
поговорить,-
погодить,-
погонять,-
погорячиться,-
погружаться,-
погулять,-
подавать,-
подаваться,-
подавиться,-
подавлять,-
подарить,-
подбадривать,-
подбегать,-
подбивать,-
подбираться,-
подбочениться,-
подвергать,-
подвергаться,-
подвигать,-
подвигаться,-
подвыпить,-
подгибаться,-
подготавливаться,-
подготовить,-
поддавать,-
поддаваться,-
поддевать,-
поддерживать,-
поддерживаться,-
поддразнивать,-
подействовать,-
поделать,-
поделить,-
поделиться,-
подергиваться,-
подержать,-
подернуть,-
поджаривать,-
поджидать,-
поджиматься,-
подзарабатывать,-
подзывать,-
подкатить,-
подкатывать,-
подкатываться,-
подкашиваться,-
подкидывать,-
подкладывать,-
подключать,-
подключаться,-
подкрадываться,-
подкрашиваться,-
подкреплять,-
подлаживаться,-
подлежать,-
подлетать,-
подмахивать,-
подмечать,-
подмигивать,-
подначивать,-
подниматься,-
подобать,-
подобреть,-
подогревать,-
пододвигать,-
пододвигаться,-
подождать,-
подозревать,-
подорвать,-
подпадать,-
подпевать,-
подписывать,-
подписываться,-
подпоить,-
подползать,-
подпрыгивать,-
подрагивать,-
подражать,-
подразнить,-
подразумевать,-
подразумеваться,-
подрастать,-
подрать,-
подраться,-
подрезать,-
подремать,-
подремонтировать,-
подремывать,-
подружиться,-
подсаживаться,-
подсасывать,-
подсвечивать,-
подсвечиваться,-
подскакивать,-
подслушивать,-
подсматривать,-
подсмеиваться,-
подсовывать,-
подсоединять,-
подставлять,-
подстегнуть,-
подстраиваться,-
подстригаться,-
подступать,-
подсушивать,-
подсчитывать,-
подтаивать,-
подталкивать,-
подтаскивать,-
подташнивать,-
подтвердить,-
подтверждаться,-
подтрунивать,-
подтягивать,-
подтягиваться,-
подумать,-
подумывать,-
подуть,-
подходить,-
подцеплять,-
подчеркивать,-
подшучивать,-
подъезжать,-
подыгрывать,-
подышать,-
поедать,-
поеживаться,-
поерзать,-
поесть,-
поехать,-
пожаловать,-
пожелать,-
пожелтеть,-
пожениться,-
пожертвовать,-
поживать,-
пожимать,-
пожирать,-
пожить,-
позабавить,-
позабавиться,-
позаботиться,-
позавтракать,-
позаимствовать,-
позариться,-
позвать,-
позволять,-
позвонить,-
позвякивать,-
поздороваться,-
поздоровиться,-
поздравлять,-
позировать,-
познавать,-
познакомить,-
познакомиться,-
позолотить,-
поиграть,-
поигрывать,-
поиметь,-
поинтересоваться,-
поискать,-
поить,-
поймать,-
пойти,-
показываться,-
покалывать,-
покатить,-
покачать,-
покачивать,-
покачиваться,-
покашливать,-
поквитаться,-
покидать,-
покладать,-
поклоняться,-
поклясться,-
покоиться,-
поколебаться,-
покомандовать,-
покончить,-
покопаться,-
покормить,-
покорять,-
покоситься,-
покрасить,-
покручивать,-
покрываться,-
покупать,-
покусывать,-
полагать,-
полагаться,-
поладить,-
полегчать,-
полежать,-
полетать,-
полететь,-
ползти,-
поливать,-
поливаться,-
полизать,-
полировать,-
полоскать,-
полуплакать,-
полусмеяться,-
получать,-
получаться,-
пользоваться,-
польстить,-
польститься,-
полюбить,-
полюбоваться,-
помалкивать,-
помахать,-
помедлить,-
поменять,-
поменяться,-
померещиться,-
померкнуть,-
помечтать,-
помешать,-
помешаться,-
помешивать,-
помещаться,-
помиловать,-
помириться,-
помнить,-
помниться,-
помогать,-
помолчать,-
поморгать,-
помутнить,-
помучаться,-
помучиться,-
помыть,-
помять,-
помяться,-
понадобиться,-
понести,-
понижаться,-
понравиться,-
пообедать,-
пообещать,-
пообщаться,-
поостеречься,-
поощрять,-
попадать,-
попадаться,-
попереть,-
попивать,-
пописать,-
попить,-
поплавать,-
поплатиться,-
попозировать,-
пополнять,-
попотеть,-
поправлять,-
поправляться,-
поприветствовать,-
попробовать,-
попросить,-
попрощаться,-
попудрить,-
попытаться,-
поработать,-
порадовать,-
поразмыслить,-
пораниться,-
порезать,-
порекомендовать,-
пороть,-
портить,-
портиться,-
поругаться,-
поручать,-
поручиться,-
порхать,-
порыбачить,-
порывать,-
порыться,-
посадить,-
посапывать,-
посасывать,-
посвистывать,-
посвящать,-
посвящаться,-
поселяться,-
посерьезнеть,-
посещать,-
посидеть,-
поскрипывать,-
последить,-
последовать,-
послужить,-
послушать,-
посматривать,-
посмеиваться,-
посметь,-
посмотреть,-
посмотреться,-
посоветовать,-
посовещаться,-
пососать,-
посочувствовать,-
поспать,-
поспевать,-
посплетничать,-
поспорить,-
поссориться,-
поставлять,-
постараться,-
постареть,-
постоять,-
пострадать,-
постригаться,-
построить,-
поступать,-
постучать,-
постучаться,-
посудить,-
посчастливиться,-
посчитать,-
посыпать,-
посягать,-
потакать,-
потанцевать,-
потемнеть,-
потереться,-
потерпеть,-
потерять,-
потеряться,-
потечь,-
потешаться,-
потираться,-
потискать,-
потолстеть,-
поторопиться,-
потратить,-
потрахаться,-
потребовать,-
потребоваться,-
потревожить,-
потрепаться,-
потрескивать,-
потрогать,-
потрудиться,-
потряхивать,-
потупляться,-
потягивать,-
потягиваться,-
потянуть,-
поужинать,-
поуправлять,-
поухаживать,-
поучаствовать,-
похвастаться,-
похищать,-
похлопать,-
похлопывать,-
походить,-
похолодать,-
похоронить,-
похрапывать,-
похудеть,-
поцапаться,-
поцарапать,-
поцеловать,-
поцеловаться,-
почерпать,-
починять,-
почистить,-
почитать,-
почудиться,-
пошарить,-
пошатывать,-
пошевелить,-
пошевелиться,-
пошить,-
пошутить,-
пощекотать,-
пощипывать,-
пощупывать,-
появляться,-
пояснять,-
править,-
правиться,-
праздновать,-
пребывать,-
превосходить,-
превращать,-
превращаться,-
преграждать,-
предавать,-
предаваться,-
предвещать,-
предвидеть,-
предлагать,-
предназначать,-
предназначаться,-
предоставлять,-
предотвращать,-
предполагать,-
предполагаться,-
представать,-
представлять,-
представляться,-
предстоять,-
предугадывать,-
предусматривать,-
предшествовать,-
предъявлять,-
презирать,-
преклоняться,-
прекословить,-
прекращать,-
прекращаться,-
преминуть,-
пренебрегать,-
преобладать,-
преображаться,-
преодолевать,-
преподавать,-
прерывать,-
прерываться,-
преследовать,-
преступать,-
пресыщать,-
пресыщаться,-
претендовать,-
преувеличивать,-
преуспевать,-
прибавлять,-
прибавляться,-
прибегать,-
прибивать,-
прибираться,-
приближаться,-
прибывать,-
приваливаться,-
приветствовать,-
приводиться,-
привставать,-
привыкать,-
привязываться,-
пригибать,-
пригибаться,-
приглушать,-
приглянуться,-
приговаривать,-
пригождаться,-
приготавливаться,-
пригревать,-
пригрозить,-
придавать,-
придавливать,-
придвигаться,-
придерживать,-
придерживаться,-
придтись,-
придумывать,-
приедаться,-
приезжать,-
прижимать,-
прижиматься,-
призадумываться,-
приземляться,-
признавать,-
признаваться,-
призывать,-
прийти,-
приканчивать,-
прикасаться,-
прикидывать,-
прикидываться,-
прикладывать,-
прикладываться,-
прикреплять,-
прикрываться,-
прикупать,-
прилагать,-
прилетать,-
приливать,-
прилипать,-
примащиваться,-
применять,-
применяться,-
примеривать,-
примешиваться,-
приминать,-
примирять,-
примиряться,-
примчаться,-
примыкать,-
принадлежать,-
принаряжаться,-
приниматься,-
принюхиваться,-
приобнимать,-
приобщать,-
приостанавливаться,-
приоткрываться,-
припарковаться,-
приплывать,-
приплясывать,-
приподниматься,-
припоминать,-
припорашивать,-
припугивать,-
припудривать,-
прирастать,-
приручать,-
присаживаться,-
присваивать,-
приседать,-
прислонять,-
прислоняться,-
прислушиваться,-
присматривать,-
присматриваться,-
присниться,-
присоединять,-
присоединяться,-
приспосабливаться,-
приставать,-
пристегивать,-
пристегиваться,-
пристегнуть,-
пристегнуться,-
пристраиваться,-
приступать,-
присутствовать,-
приталивать,-
притаскивать,-
притаскиваться,-
притворяться,-
притопывать,-
притрагиваться,-
притуплять,-
притягивать,-
приуменьшать,-
прихватывать,-
прихлебывать,-
прихлопывать,-
приходить,-
приходиться,-
прицеливаться,-
прицеплять,-
причесывать,-
причесываться,-
причинять,-
причитаться,-
пришпиливать,-
прищемлять,-
прищуривать,-
прищуриваться,-
проанализировать,-
пробегать,-
пробежать,-
пробивать,-
пробиваться,-
пробираться,-
пробовать,-
пробормотать,-
пробыть,-
проваливаться,-
проведывать,-
проверять,-
проверяться,-
проветриваться,-
провиниться,-
проводиться,-
провозиться,-
провоцировать,-
прогадывать,-
прогибаться,-
проглатывать,-
проглядывать,-
прогнать,-
проговаривать,-
проголодаться,-
прогонять,-
прогоняться,-
прогревать,-
прогуливать,-
прогуливаться,-
продавать,-
продаваться,-
продвигать,-
продвигаться,-
продевать,-
продеваться,-
проделывать,-
продемонстрировать,-
продержаться,-
продиктовать,-
продлевать,-
продлиться,-
продлять,-
продолжать,-
продолжаться,-
продумывать,-
проезжать,-
проектировать,-
проехать,-
прождать,-
проживать,-
прозвучать,-
прозондировать,-
проигрывать,-
произноситься,-
происходить,-
пройти,-
проказничать,-
прокалывать,-
прокатиться,-
прокатываться,-
прокашливаться,-
прокладывать,-
проковылять,-
проконсультировать,-
проконсультироваться,-
прокрадываться,-
прокручивать,-
пролагать,-
пролегать,-
пролетать,-
пролететь,-
проливать,-
проливаться,-
пролистывать,-
промахиваться,-
промелькнуть,-
промокать,-
промокнуть,-
промолчать,-
промучиться,-
промчаться,-
промышлять,-
пронестись,-
проникать,-
проноситься,-
пронюхивать,-
пропадать,-
пропитывать,-
проплывать,-
пропотевать,-
пропустить,-
прорабатывать,-
прорвать,-
прорваться,-
прорезать,-
прорезаться,-
прорецензировать,-
прорубать,-
прорывать,-
прорываться,-
прорыдать,-
прорычать,-
просачиваться,-
просвечивать,-
просвещать,-
проседать,-
просить,-
просиять,-
проскакивать,-
проскальзывать,-
просканировать,-
проскочить,-
прослушивать,-
прослушиваться,-
прослышать,-
просматривать,-
просматриваться,-
просовывать,-
просовываться,-
простаивать,-
простираться,-
проступать,-
простыть,-
просушивать,-
просчитывать,-
просыпаться,-
просыхать,-
проталкивать,-
проталкиваться,-
протаскивать,-
протестовать,-
противиться,-
противодействовать,-
противоречить,-
противостоять,-
протискиваться,-
протрезветь,-
протягивать,-
прохлаждаться,-
проходить,-
проходиться,-
прочерчивать,-
прочувствовать,-
прошептать,-
прошивать,-
прошипеть,-
прощаться,-
прощупывать,-
проявлять,-
проявляться,-
проясниваться,-
прояснять,-
проясняться,-
прыгать,-
прыгнуть,-
прыскать,-
прыснуть,-
прятать,-
прятаться,-
пугать,-
пугаться,-
пудрить,-
пузыриться,-
пунцоветь,-
пускаться,-
пустеть,-
путать,-
путаться,-
путешествовать,-
пытаться,-
пьянить,-
пьянствовать,-
пялиться,-
пятиться,-
работать,-
радовать,-
разбаливаться,-
разбалтывать,-
разбегаться,-
разбивать,-
разбиваться,-
разбираться,-
разблокировать,-
разбудить,-
разваливаться,-
развеваться,-
разведывать,-
развеивать,-
разверзаться,-
развертывать,-
развертываться,-
развеселять,-
развеселяться,-
развиваться,-
развлекаться,-
разводиться,-
разворачиваться,-
развязываться,-
разгадывать,-
разглагольствовать,-
разглаживаться,-
разглядеть,-
разглядывать,-
разговориться,-
разгоняться,-
разгорячать,-
раздаваться,-
раздавливать,-
раздвигать,-
раздвигаться,-
раздевать,-
раздеваться,-
разделываться,-
разделять,-
разделяться,-
раздражать,-
раздувать,-
раздуваться,-
раздумывать,-
разевать,-
разжиматься,-
разлеплять,-
разлетаться,-
разлечься,-
разливаться,-
различать,-
разлучать,-
размещаться,-
разминаться,-
размыкать,-
размышлять,-
размягчать,-
размякать,-
разнимать,-
разносить,-
разноситься,-
разнуздывать,-
разогревать,-
разозлить,-
разорять,-
разрабатывать,-
разрезать,-
разрешать,-
разрешаться,-
разруливать,-
разряжаться,-
разуваться,-
разузнавать,-
разуметься,-
разъезжаться,-
разъехаться,-
разъяснять,-
разыгрывать,-
разыгрываться,-
ранить,-
раскаиваться,-
раскалывать,-
раскапывать,-
раскатать,-
раскатывать,-
раскатываться,-
раскачивать,-
раскачиваться,-
раскладывать,-
раскланиваться,-
расклеиваться,-
раскомандоваться,-
раскошеливаться,-
раскручивать,-
раскручиваться,-
раскрываться,-
распадаться,-
распалять,-
распахнуть,-
распечатывать,-
распинать,-
расписывать,-
расписываться,-
расплавлять,-
распланировать,-
распластывать,-
расплачиваться,-
расплываться,-
расплыться,-
распознавать,-
располагаться,-
расползаться,-
распоряжаться,-
расправлять,-
расправляться,-
распробовать,-
распростираться,-
распространять,-
распространяться,-
распрямлять,-
распугать,-
распускаться,-
распутывать,-
распухать,-
рассаживаться,-
рассевать,-
рассеиваться,-
рассердить,-
рассердиться,-
рассказываться,-
расслаблять,-
расслабляться,-
рассматривать,-
рассматриваться,-
рассмешить,-
рассмеяться,-
расставаться,-
расставлять,-
расстараться,-
расстегивать,-
расстегнуть,-
расстелить,-
расстилаться,-
расстраивать,-
расстраиваться,-
расступаться,-
рассчитать,-
рассчитывать,-
рассыпаться,-
растаивать,-
растапливать,-
растворять,-
растворяться,-
растекаться,-
растеривать,-
растериваться,-
расти,-
растить,-
растопыривать,-
расторгать,-
растрепывать,-
растрогать,-
растягивать,-
растягиваться,-
расфокусировать,-
расхлебывать,-
расходиться,-
расхохотаться,-
расцеплять,-
расчесывать,-
расшалиться,-
расшатывать,-
расширять,-
расширяться,-
рационализировать,-
рвануть,-
рвать,-
рваться,-
реагировать,-
реализовать,-
реализоваться,-
реветь,-
ревновать,-
регистрировать,-
регулировать,-
регулироваться,-
редактировать,-
редеть,-
резать,-
резаться,-
рекомендовать,-
ретироваться,-
решать,-
решаться,-
рискнуть,-
рисковать,-
рисовать,-
родить,-
родиться,-
рождать,-
рождаться,-
рокотать,-
ронять,-
роучивать,-
рубить,-
ругать,-
ругаться,-
руководить,-
руководствоваться,-
рушиться,-
рыбачить,-
рыдать,-
рыскать,-
рыться,-
рычать,-
рявкать,-
садиться,-
саднить,-
сажать,-
салютовать,-
сбавлять,-
сбегать,-
сбивать,-
сбиваться,-
сболтнуть,-
сбрасывать,-
сбрендить,-
сбривать,-
сбросить,-
сбрызгивать,-
сбываться,-
сваливаться,-
сваривать,-
свариваться,-
свежеть,-
сверкать,-
сверкнуть,-
сверлить,-
свернуться,-
свертывать,-
сверять,-
сверяться,-
светить,-
светиться,-
светлеть,-
свешиваться,-
свиваться,-
свидетельствовать,-
свисать,-
свистеть,-
сводиться,-
свозить,-
сворачивать,-
сворачиваться,-
свыкаться,-
связываться,-
сгибать,-
сгибаться,-
сгибнуть,-
сгинуть,-
сглаживаться,-
сглатывать,-
сглупить,-
сгребать,-
сгущаться,-
сдабривать,-
сдавать,-
сдаваться,-
сдавливать,-
сдвигать,-
сдвигаться,-
сделать,-
сделаться,-
сдерживать,-
сдерживаться,-
сдетонировать,-
сдувать,-
сдуваться,-
сдуть,-
сдыхать,-
седеть,-
семенить,-
сервировать,-
сердить,-
сердиться,-
сечь,-
сигналить,-
сидеть,-
силиться,-
сипеть,-
сиять,-
сказать,-
сказываться,-
скакать,-
скалиться,-
сканировать,-
скапливаться,-
скармливать,-
скатиться,-
скатывать,-
скатываться,-
сквозить,-
скидывать,-
складывать,-
складываться,-
склеивать,-
склонять,-
склоняться,-
скользить,-
скользнуть,-
сконструировать,-
сконфузить,-
скопиться,-
скорчить,-
скрепить,-
скреплять,-
скрести,-
скривить,-
скрипеть,-
скроить,-
скручивать,-
скручиваться,-
скрываться,-
скрытничать,-
скрючивать,-
скулить,-
скупать,-
скучать,-
слабеть,-
славиться,-
слагать,-
сламывать,-
следить,-
следовать,-
слезать,-
слезиться,-
слепить,-
слепнуть,-
слетать,-
сливаться,-
слизнуть,-
слипаться,-
словить,-
сломать,-
сломаться,-
слоняться,-
служить,-
случаться,-
слушать,-
слушаться,-
слышать,-
слышаться,-
смаковать,-
смаргивать,-
смаривать,-
сматывать,-
смеживать,-
сменить,-
сменять,-
сменяться,-
смерить,-
смеркаться,-
сметать,-
сметь,-
смешать,-
смешаться,-
смешивать,-
смешиваться,-
смешить,-
смещаться,-
смиряться,-
смолкать,-
сморщиваться,-
смотреть,-
смотреться,-
смочь,-
смываться,-
смыкать,-
смыкаться,-
смыслить,-
смягчать,-
снести,-
снижаться,-
сникать,-
снимать,-
сниматься,-
сниться,-
сносить,-
собираться,-
соблазнять,-
совать,-
соваться,-
совершать,-
совершаться,-
советовать,-
совладать,-
совпадать,-
соврать,-
совращать,-
соглашаться,-
согревать,-
согреваться,-
содержать,-
содержаться,-
соединять,-
соединяться,-
создавать,-
созерцать,-
созидать,-
сознавать,-
созревать,-
соизволять,-
сокращать,-
солгать,-
солировать,-
сомневаться,-
сообщать,-
соответствовать,-
сопереживать,-
соперничать,-
сопоставлять,-
соприкасаться,-
сопротивляться,-
сориентироваться,-
сосать,-
соскальзывать,-
соскучиться,-
сосредотачивать,-
сосредотачиваться,-
сосредоточивать,-
сосредоточиваться,-
составлять,-
состоять,-
состояться,-
сострадать,-
состроить,-
состязаться,-
сотворить,-
сохнуть,-
сохранять,-
сохраняться,-
сочетать,-
сочетаться,-
сочинять,-
сочиться,-
сочувствовать,-
сошать,-
сощуривать,-
спадать,-
спасаться,-
спать,-
спаться,-
специализироваться,-
спешить,-
спиваться,-
спикировать,-
списывать,-
спланировать,-
сплетаться,-
сплетничать,-
споласкивать,-
сползать,-
спорить,-
спотыкаться,-
спохватываться,-
справляться,-
спровоцировать,-
спроектировать,-
спрыгивать,-
спрятать,-
спрятаться,-
спускаться,-
спутывать,-
спутываться,-
спятить,-
срабатывать,-
срабатываться,-
сработать,-
сравнивать,-
сравниваться,-
сравниться,-
срезать,-
срывать,-
ссориться,-
ставить,-
стажироваться,-
сталкивать,-
сталкиваться,-
становиться,-
стараться,-
стареть,-
стариться,-
стегать,-
стекать,-
стелиться,-
стемнеть,-
стереть,-
стерилизовать,-
стесняться,-
стимулировать,-
стирать,-
стираться,-
стискивать,-
стоить,-
столпиться,-
сторожить,-
стошнить,-
стоять,-
страдать,-
страивать,-
страховаться,-
стрелять,-
стремиться,-
стричь,-
строить,-
строиться,-
струиться,-
струсить,-
стряпать,-
стрясаться,-
стряхивать,-
стукаться,-
стукнуть,-
стукнуться,-
ступать,-
стучать,-
стучаться,-
стыдиться,-
стягивать,-
судить,-
суетиться,-
сужаться,-
суметь,-
суммировать,-
сунуть,-
суроветь,-
сутулиться,-
сушить,-
существовать,-
сфабриковать,-
сфокусировать,-
сфокусироваться,-
сформулировать,-
сфоткать,-
сфотографировать,-
схватывать,-
схватываться,-
схлестнуться,-
сходить,-
сходиться,-
сцеплять,-
счесть,-
считать,-
считаться,-
съездить,-
съезжать,-
съязвить,-
сыграть,-
сыпать,-
таить,-
таиться,-
танцевать,-
таранить,-
тараторить,-
тарахтеть,-
таращить,-
таскать,-
тащить,-
тащиться,-
таять,-
твердеть,-
твердить,-
творить,-
твориться,-
темнеть,-
теплеть,-
теребить,-
тереть,-
тереться,-
терзать,-
терпеться,-
терять,-
теряться,-
течь,-
тлеть,-
толкать,-
толкаться,-
толкнуть,-
тонировать,-
тонуть,-
топать,-
топить,-
топтать,-
топтаться,-
торговать,-
торговаться,-
тормозить,-
торопить,-
торопиться,-
торчать,-
тошнить,-
травмировать,-
транспортировать,-
тратить,-
тратиться,-
трахать,-
трахаться,-
трахнуть,-
трахнуться,-
требовать,-
требоваться,-
тревожить,-
тревожиться,-
тренировать,-
тренироваться,-
трепать,-
трепаться,-
треснуть,-
трогать,-
трогаться,-
тронуть,-
трудиться,-
трусить,-
трясти,-
тряхнуть,-
туманить,-
туманиться,-
тупить,-
тушить,-
тыкать,-
тыкаться,-
тяготить,-
тяготиться,-
тяжелеть,-
тянуть,-
тянуться,-
убавлять,-
убегать,-
убеждаться,-
убивать,-
убираться,-
уболтать,-
убыстрять,-
убыстряться,-
уважать,-
увезти,-
увеличивать,-
увеличиваться,-
увенчивать,-
уверять,-
увешать,-
увещевать,-
увивать,-
увидеть,-
увидеться,-
увиливать,-
увлажнять,-
увлажняться,-
увлекаться,-
увозить,-
увольнять,-
увольняться,-
уворачиваться,-
увязать,-
увянуть,-
угадывать,-
угасать,-
углублять,-
углубляться,-
угнаться,-
уговаривать,-
угождать,-
угораздить,-
угощаться,-
угрожать,-
удаваться,-
удалять,-
удаляться,-
ударять,-
ударяться,-
удваивать,-
уделять,-
удерживать,-
удерживаться,-
удивлять,-
удивляться,-
удирать,-
удлиняться,-
удовлетворять,-
удовлетворяться,-
удостаивать,-
удостоверяться,-
удосуживаться,-
удочерять,-
уединяться,-
уезжать,-
ужасаться,-
уживаться,-
узнавать,-
узреть,-
укладывать,-
укладываться,-
уклоняться,-
укореняться,-
укорять,-
украсть,-
украшаться,-
укреплять,-
укрепляться,-
укрощать,-
укрываться,-
укусить,-
укутывать,-
укутываться,-
улавливать,-
улавливаться,-
улетать,-
улетучиваться,-
улечься,-
улизнуть,-
улучать,-
улучшать,-
улучшаться,-
улыбаться,-
умалчивать,-
уменьшать,-
уменьшаться,-
уметь,-
умещаться,-
умирать,-
умолкать,-
умолять,-
умудрять,-
умудряться,-
умчаться,-
умываться,-
умыкать,-
униматься,-
уничтожать,-
уноситься,-
упасти,-
упасть,-
упиваться,-
упираться,-
уплывать,-
уповать,-
упоминать,-
упоминаться,-
упорядочивать,-
употреблять,-
управлять,-
управляться,-
упрекать,-
урезать,-
урезонивать,-
уронить,-
урчать,-
усадить,-
усаживать,-
усаживаться,-
усваивать,-
усердствовать,-
усиливать,-
усиливаться,-
ускользать,-
ускорять,-
ускоряться,-
услуживать,-
услышать,-
усмехаться,-
усмирять,-
уснуть,-
усовершенствовать,-
усомниться,-
успевать,-
уставать,-
уставлять,-
уставляться,-
устаивать,-
устанавливать,-
устраивать,-
устраиваться,-
устранять,-
устрашать,-
устремлять,-
устремляться,-
уступать,-
усыновлять,-
усыплять,-
утаивать,-
утаскивать,-
утверждаться,-
утекать,-
утерпеть,-
утерять,-
утешать,-
утешаться,-
утихать,-
утихомиривать,-
утолять,-
утомлять,-
утомляться,-
утопать,-
уточнять,-
утраивать,-
утрачивать,-
утыкать,-
утыкаться,-
ухаживать,-
ухать,-
ухватывать,-
ухватываться,-
ухитряться,-
ухмыляться,-
уходить,-
участвовать,-
учащаться,-
учить,-
учиться,-
ушибать,-
ушибаться,-
уяснять,-
фанеровать,-
фантазировать,-
фетучинять,-
фиксировать,-
финансировать,-
флиртовать,-
фокусироваться,-
фотографировать,-
фраскатить,-
функционировать,-
фыркать,-
хайда,-
хвалить,-
хвастать,-
хвастаться,-
хватать,-
хвататься,-
хватить,-
хиреть,-
хитрить,-
хихикать,-
хлопать,-
хлопаться,-
хлопнуть,-
хлопнуться,-
хлопотать,-
хлынуть,-
хмурить,-
хмуриться,-
хмыкать,-
хмыкнуть,-
хныкать,-
ходить,-
хозяйничать,-
холить,-
холодеть,-
холодить,-
хотеть,-
хотеться,-
хохотать,-
храбреть,-
храбриться,-
хранить,-
храниться,-
храпеть,-
хрипеть,-
хромать,-
хрюкать,-
худить,-
цапаться,-
царапать,-
царить,-
цвести,-
цедить,-
целить,-
целиться,-
целовать,-
целоваться,-
ценить,-
цепенеть,-
цеплять,-
цепляться,-
церемониться,-
цитировать,-
цокать,-
цыкать,-
чавкать,-
чаять,-
чередовать,-
чесать,-
чесаться,-
чистить,-
читать,-
читаться,-
чмокать,-
чокаться,-
чокнуться,-
чудиться,-
чуять,-
шагать,-
шагнуть,-
шантажировать,-
шарахнуть,-
шарить,-
шатать,-
шататься,-
швартоваться,-
швырнуть,-
швырять,-
шевелить,-
шевелиться,-
шевельнуть,-
шепелявить,-
шептать,-
шептаться,-
шествовать,-
шипеть,-
шириться,-
шлепать,-
шлепаться,-
шлепнуть,-
шлепнуться,-
шляться,-
шмавить,-
шмыгать,-
шокировать,-
шпионить,-
штрафовать,-
шуметь,-
шутить,-
щадить,-
щебетать,-
щеголять,-
щекотать,-
щелкать,-
щелкнуть,-
щемить,-
щипать,-
щипаться,-
щупать,-
щурить,-
щуриться,-
экспериментировать,-
электризовать,-
электризоваться,-
эрегировать,-
являться,-